"imagen_id","respuesta"
"img_0001","No conforme"
"img_0002","Conforme"
"img_0003","No conforme"
"img_0004","Conforme"
"img_0005","No conforme"
"img_0006","Conforme"
"img_0007","Conforme"
"img_0008","Conforme"
"img_0009","Conforme"
"img_0010","Conforme"
"img_0011","Conforme"
"img_0012","Conforme"
"img_0013","No conforme"
"img_0014","Conforme"
"img_0015","No conforme"
"img_0016","Conforme"
"img_0017","Conforme"
"img_0018","No conforme"
"img_0019","Conforme"
"img_0020","No conforme"
"img_0021","No conforme"
"img_0022","Conforme"
"img_0023","Conforme"
"img_0024","Conforme"
"img_0025","Conforme"
"img_0026","No conforme"
"img_0027","Conforme"
"img_0028","Conforme"
"img_0029","Conforme"
"img_0030","Conforme"
"img_0031","No conforme"
"img_0032","Conforme"
"img_0033","Conforme"
"img_0034","No conforme"
"img_0035","Conforme"
"img_0036","No conforme"
"img_0037","No conforme"
"img_0038","No conforme"
"img_0039","No conforme"
"img_0040","Conforme"
"img_0041","No conforme"
"img_0042","No conforme"
"img_0043","Conforme"
"img_0044","Conforme"
"img_0045","No conforme"
"img_0046","Conforme"
"img_0047","Conforme"
"img_0048","Conforme"
"img_0049","No conforme"
"img_0050","No conforme"
"img_0051","No conforme"
"img_0052","Conforme"
"img_0053","No conforme"
"img_0054","No conforme"
"img_0055","Conforme"
"img_0056","No conforme"
"img_0057","No conforme"
"img_0058","Conforme"
"img_0059","Conforme"
"img_0060","No conforme"
"img_0061","Conforme"
"img_0062","Conforme"
"img_0063","No conforme"
"img_0064","Conforme"
"img_0065","Conforme"
"img_0066","No conforme"
"img_0067","Conforme"
"img_0068","No conforme"
"img_0069","No conforme"
"img_0070","No conforme"
"img_0071","No conforme"
"img_0072","Conforme"
"img_0073","Conforme"
"img_0074","No conforme"
"img_0075","Conforme"
"img_0076","Conforme"
"img_0077","Conforme"
"img_0078","No conforme"
"img_0079","Conforme"
"img_0080","Conforme"
"img_0081","No conforme"
"img_0082","Conforme"
"img_0083","Conforme"
"img_0084","No conforme"
"img_0085","No conforme"
"img_0086","No conforme"
"img_0087","Conforme"
"img_0088","Conforme"
"img_0089","No conforme"
"img_0090","No conforme"
"img_0091","Conforme"
"img_0092","No conforme"
"img_0093","Conforme"
"img_0094","Conforme"
"img_0095","Conforme"
"img_0096","No conforme"
"img_0097","Conforme"
"img_0098","Conforme"
"img_0099","No conforme"
"img_0100","No conforme"
"img_0101","Conforme"
"img_0102","Conforme"
"img_0103","No conforme"
"img_0104","Conforme"
"img_0105","No conforme"
"img_0106","Conforme"
"img_0107","No conforme"
"img_0108","Conforme"
"img_0109","Conforme"
"img_0110","No conforme"
"img_0111","Conforme"
"img_0112","Conforme"
"img_0113","Conforme"
"img_0114","Conforme"
"img_0115","No conforme"
"img_0116","No conforme"
"img_0117","Conforme"
"img_0118","No conforme"
"img_0119","Conforme"
"img_0120","Conforme"
"img_0121","Conforme"
"img_0122","Conforme"
"img_0123","No conforme"
"img_0124","Conforme"
"img_0125","Conforme"
"img_0126","No conforme"
"img_0127","No conforme"
"img_0128","No conforme"
"img_0129","Conforme"
"img_0130","Conforme"
"img_0131","No conforme"
"img_0132","Conforme"
"img_0133","Conforme"
"img_0134","No conforme"
"img_0135","Conforme"
"img_0136","Conforme"
"img_0137","Conforme"
"img_0138","Conforme"
"img_0139","Conforme"
"img_0140","Conforme"
"img_0141","Conforme"
"img_0142","No conforme"
"img_0143","No conforme"
"img_0144","Conforme"
"img_0145","No conforme"
"img_0146","Conforme"
"img_0147","Conforme"
"img_0148","No conforme"
"img_0149","No conforme"
"img_0150","No conforme"
"img_0151","Conforme"
"img_0152","Conforme"
"img_0153","No conforme"
"img_0154","Conforme"
"img_0155","Conforme"
"img_0156","Conforme"
"img_0157","No conforme"
"img_0158","No conforme"
"img_0159","No conforme"
"img_0160","Conforme"
"img_0161","Conforme"
"img_0162","No conforme"
"img_0163","Conforme"
"img_0164","No conforme"
"img_0165","No conforme"
"img_0166","Conforme"
"img_0167","No conforme"
"img_0168","Conforme"
"img_0169","No conforme"
"img_0170","No conforme"
"img_0171","Conforme"
"img_0172","Conforme"
"img_0173","Conforme"
"img_0174","Conforme"
"img_0175","No conforme"
"img_0176","No conforme"
"img_0177","No conforme"
"img_0178","No conforme"
"img_0179","No conforme"
"img_0180","No conforme"
"img_0181","No conforme"
"img_0182","Conforme"
"img_0183","Conforme"
"img_0184","Conforme"
"img_0185","No conforme"
"img_0186","Conforme"
"img_0187","No conforme"
"img_0188","Conforme"
"img_0189","No conforme"
"img_0190","Conforme"
"img_0191","No conforme"
"img_0192","Conforme"
"img_0193","No conforme"
"img_0194","No conforme"
"img_0195","No conforme"
"img_0196","Conforme"
"img_0197","Conforme"
"img_0198","Conforme"
"img_0199","Conforme"
"img_0200","No conforme"
"img_0201","Conforme"
"img_0202","No conforme"
"img_0203","Conforme"
"img_0204","No conforme"
"img_0205","Conforme"
"img_0206","Conforme"
"img_0207","No conforme"
"img_0208","No conforme"
"img_0209","Conforme"
"img_0210","Conforme"
"img_0211","No conforme"
"img_0212","Conforme"
"img_0213","No conforme"
"img_0214","Conforme"
"img_0215","Conforme"
"img_0216","Conforme"
"img_0217","No conforme"
"img_0218","Conforme"
"img_0219","Conforme"
"img_0220","Conforme"
"img_0221","Conforme"
"img_0222","No conforme"
"img_0223","No conforme"
"img_0224","No conforme"
"img_0225","Conforme"
"img_0226","Conforme"
"img_0227","Conforme"
"img_0228","Conforme"
"img_0229","No conforme"
"img_0230","Conforme"
"img_0231","No conforme"
"img_0232","Conforme"
"img_0233","Conforme"
"img_0234","No conforme"
"img_0235","No conforme"
"img_0236","No conforme"
"img_0237","Conforme"
"img_0238","Conforme"
"img_0239","No conforme"
"img_0240","Conforme"
"img_0241","Conforme"
"img_0242","No conforme"
"img_0243","Conforme"
"img_0244","No conforme"
"img_0245","No conforme"
"img_0246","No conforme"
"img_0247","No conforme"
"img_0248","No conforme"
"img_0249","Conforme"
"img_0250","Conforme"
"img_0251","Conforme"
"img_0252","No conforme"
"img_0253","Conforme"
"img_0254","Conforme"
"img_0255","Conforme"
"img_0256","Conforme"
"img_0257","No conforme"
"img_0258","Conforme"
"img_0259","Conforme"
"img_0260","No conforme"
"img_0261","Conforme"
"img_0262","Conforme"
"img_0263","Conforme"
"img_0264","Conforme"
"img_0265","No conforme"
"img_0266","Conforme"
"img_0267","Conforme"
"img_0268","Conforme"
"img_0269","Conforme"
"img_0270","No conforme"
"img_0271","Conforme"
"img_0272","Conforme"
"img_0273","Conforme"
"img_0274","No conforme"
"img_0275","No conforme"
"img_0276","No conforme"
"img_0277","No conforme"
"img_0278","Conforme"
"img_0279","No conforme"
"img_0280","No conforme"
"img_0281","Conforme"
"img_0282","Conforme"
"img_0283","Conforme"
"img_0284","Conforme"
"img_0285","No conforme"
"img_0286","No conforme"
"img_0287","Conforme"
"img_0288","Conforme"
"img_0289","Conforme"
"img_0290","No conforme"
"img_0291","No conforme"
"img_0292","Conforme"
"img_0293","Conforme"
"img_0294","Conforme"
"img_0295","Conforme"
"img_0296","Conforme"
"img_0297","No conforme"
"img_0298","Conforme"
"img_0299","Conforme"
"img_0300","Conforme"
"img_0301","Conforme"
"img_0302","No conforme"
"img_0303","Conforme"
"img_0304","Conforme"
"img_0305","No conforme"
"img_0306","Conforme"
"img_0307","Conforme"
"img_0308","Conforme"
"img_0309","Conforme"
"img_0310","Conforme"
"img_0311","No conforme"
"img_0312","Conforme"
"img_0313","Conforme"
"img_0314","No conforme"
"img_0315","Conforme"
"img_0316","Conforme"
"img_0317","Conforme"
"img_0318","Conforme"
"img_0319","Conforme"
"img_0320","Conforme"
"img_0321","Conforme"
"img_0322","No conforme"
"img_0323","Conforme"
"img_0324","No conforme"
"img_0325","No conforme"
"img_0326","No conforme"
"img_0327","No conforme"
"img_0328","Conforme"
"img_0329","No conforme"
"img_0330","Conforme"
"img_0331","Conforme"
"img_0332","Conforme"
"img_0333","Conforme"
"img_0334","Conforme"
"img_0335","No conforme"
"img_0336","No conforme"
"img_0337","No conforme"
"img_0338","No conforme"
"img_0339","Conforme"
"img_0340","No conforme"
"img_0341","Conforme"
"img_0342","Conforme"
"img_0343","Conforme"
"img_0344","No conforme"
"img_0345","No conforme"
"img_0346","Conforme"
"img_0347","Conforme"
"img_0348","Conforme"
"img_0349","Conforme"
"img_0350","No conforme"
"img_0351","No conforme"
"img_0352","No conforme"
"img_0353","No conforme"
"img_0354","Conforme"
"img_0355","No conforme"
"img_0356","No conforme"
"img_0357","Conforme"
"img_0358","Conforme"
"img_0359","Conforme"
"img_0360","Conforme"
"img_0361","No conforme"
"img_0362","No conforme"
"img_0363","No conforme"
"img_0364","No conforme"
"img_0365","No conforme"
"img_0366","Conforme"
"img_0367","No conforme"
"img_0368","Conforme"
"img_0369","No conforme"
"img_0370","No conforme"
"img_0371","Conforme"
"img_0372","Conforme"
"img_0373","Conforme"
"img_0374","No conforme"
"img_0375","Conforme"
"img_0376","Conforme"
"img_0377","No conforme"
"img_0378","Conforme"
"img_0379","Conforme"
"img_0380","Conforme"
"img_0381","Conforme"
"img_0382","Conforme"
"img_0383","Conforme"
"img_0384","Conforme"
"img_0385","Conforme"
"img_0386","Conforme"
"img_0387","Conforme"
"img_0388","Conforme"
"img_0389","Conforme"
"img_0390","Conforme"
"img_0391","No conforme"
"img_0392","No conforme"
"img_0393","Conforme"
"img_0394","Conforme"
"img_0395","No conforme"
"img_0396","Conforme"
"img_0397","No conforme"
"img_0398","Conforme"
"img_0399","Conforme"
"img_0400","No conforme"
"img_0401","Conforme"
"img_0402","Conforme"
"img_0403","No conforme"
"img_0404","Conforme"
"img_0405","No conforme"
"img_0406","No conforme"
"img_0407","Conforme"
"img_0408","Conforme"
"img_0409","Conforme"
"img_0410","No conforme"
"img_0411","Conforme"
"img_0412","Conforme"
"img_0413","No conforme"
"img_0414","Conforme"
"img_0415","Conforme"
"img_0416","No conforme"
"img_0417","No conforme"
"img_0418","No conforme"
"img_0419","No conforme"
"img_0420","Conforme"
"img_0421","Conforme"
"img_0422","No conforme"
"img_0423","Conforme"
"img_0424","Conforme"
"img_0425","Conforme"
"img_0426","Conforme"
"img_0427","No conforme"
"img_0428","Conforme"
"img_0429","Conforme"
"img_0430","Conforme"
"img_0431","No conforme"
"img_0432","No conforme"
"img_0433","Conforme"
"img_0434","No conforme"
"img_0435","Conforme"
"img_0436","No conforme"
"img_0437","Conforme"
"img_0438","Conforme"
"img_0439","No conforme"
"img_0440","Conforme"
"img_0441","No conforme"
"img_0442","No conforme"
"img_0443","No conforme"
"img_0444","Conforme"
"img_0445","No conforme"
"img_0446","Conforme"
"img_0447","No conforme"
"img_0448","Conforme"
"img_0449","No conforme"
"img_0450","Conforme"
"img_0451","Conforme"
"img_0452","Conforme"
"img_0453","No conforme"
"img_0454","Conforme"
"img_0455","No conforme"
"img_0456","No conforme"
"img_0457","Conforme"
"img_0458","No conforme"
"img_0459","No conforme"
"img_0460","No conforme"
"img_0461","No conforme"
"img_0462","No conforme"
"img_0463","No conforme"
"img_0464","Conforme"
"img_0465","Conforme"
"img_0466","Conforme"
"img_0467","No conforme"
"img_0468","Conforme"
"img_0469","Conforme"
"img_0470","Conforme"
"img_0471","No conforme"
"img_0472","No conforme"
"img_0473","Conforme"
"img_0474","No conforme"
"img_0475","No conforme"
"img_0476","Conforme"
"img_0477","No conforme"
"img_0478","Conforme"
"img_0479","Conforme"
"img_0480","No conforme"
"img_0481","No conforme"
"img_0482","No conforme"
"img_0483","No conforme"
"img_0484","Conforme"
"img_0485","No conforme"
"img_0486","Conforme"
"img_0487","Conforme"
"img_0488","No conforme"
"img_0489","No conforme"
"img_0490","No conforme"
"img_0491","No conforme"
"img_0492","Conforme"
"img_0493","No conforme"
"img_0494","Conforme"
"img_0495","Conforme"
"img_0496","Conforme"
"img_0497","Conforme"
"img_0498","Conforme"
"img_0499","Conforme"
"img_0500","Conforme"
"img_0501","Conforme"
"img_0502","Conforme"
"img_0503","Conforme"
"img_0504","Conforme"
"img_0505","No conforme"
"img_0506","No conforme"
"img_0507","No conforme"
"img_0508","Conforme"
"img_0509","Conforme"
"img_0510","Conforme"
"img_0511","Conforme"
"img_0512","No conforme"
"img_0513","No conforme"
"img_0514","Conforme"
"img_0515","Conforme"
"img_0516","No conforme"
"img_0517","Conforme"
"img_0518","Conforme"
"img_0519","No conforme"
"img_0520","No conforme"
"img_0521","No conforme"
"img_0522","Conforme"
"img_0523","Conforme"
"img_0524","No conforme"
"img_0525","Conforme"
"img_0526","No conforme"
"img_0527","Conforme"
"img_0528","Conforme"
"img_0529","Conforme"
"img_0530","No conforme"
"img_0531","No conforme"
"img_0532","Conforme"
"img_0533","Conforme"
"img_0534","Conforme"
"img_0535","No conforme"
"img_0536","No conforme"
"img_0537","No conforme"
"img_0538","No conforme"
"img_0539","Conforme"
"img_0540","Conforme"
"img_0541","No conforme"
"img_0542","No conforme"
"img_0543","Conforme"
"img_0544","Conforme"
"img_0545","No conforme"
"img_0546","Conforme"
"img_0547","Conforme"
"img_0548","No conforme"
"img_0549","Conforme"
"img_0550","No conforme"
"img_0551","No conforme"
"img_0552","Conforme"
"img_0553","Conforme"
"img_0554","No conforme"
"img_0555","Conforme"
"img_0556","No conforme"
"img_0557","Conforme"
"img_0558","No conforme"
"img_0559","Conforme"
"img_0560","Conforme"
"img_0561","Conforme"
"img_0562","No conforme"
"img_0563","Conforme"
"img_0564","Conforme"
"img_0565","No conforme"
"img_0566","Conforme"
"img_0567","Conforme"
"img_0568","No conforme"
"img_0569","No conforme"
"img_0570","Conforme"
"img_0571","Conforme"
"img_0572","No conforme"
"img_0573","No conforme"
"img_0574","No conforme"
"img_0575","Conforme"
"img_0576","Conforme"
"img_0577","Conforme"
"img_0578","Conforme"
"img_0579","No conforme"
"img_0580","Conforme"
"img_0581","Conforme"
"img_0582","No conforme"
"img_0583","Conforme"
"img_0584","Conforme"
"img_0585","Conforme"
"img_0586","Conforme"
"img_0587","No conforme"
"img_0588","Conforme"
"img_0589","Conforme"
"img_0590","Conforme"
"img_0591","Conforme"
"img_0592","Conforme"
"img_0593","No conforme"
"img_0594","Conforme"
"img_0595","No conforme"
"img_0596","No conforme"
"img_0597","No conforme"
"img_0598","Conforme"
"img_0599","Conforme"
"img_0600","No conforme"
"img_0601","Conforme"
"img_0602","Conforme"
"img_0603","No conforme"
"img_0604","No conforme"
"img_0605","Conforme"
"img_0606","Conforme"
"img_0607","Conforme"
"img_0608","No conforme"
"img_0609","Conforme"
"img_0610","No conforme"
"img_0611","Conforme"
"img_0612","No conforme"
"img_0613","No conforme"
"img_0614","No conforme"
"img_0615","Conforme"
"img_0616","Conforme"
"img_0617","Conforme"
"img_0618","Conforme"
"img_0619","No conforme"
"img_0620","No conforme"
"img_0621","Conforme"
"img_0622","No conforme"
"img_0623","No conforme"
"img_0624","Conforme"
"img_0625","Conforme"
"img_0626","No conforme"
"img_0627","No conforme"
"img_0628","Conforme"
"img_0629","Conforme"
"img_0630","Conforme"
"img_0631","No conforme"
"img_0632","Conforme"
"img_0633","No conforme"
"img_0634","No conforme"
"img_0635","No conforme"
"img_0636","Conforme"
"img_0637","Conforme"
"img_0638","No conforme"
"img_0639","Conforme"
"img_0640","Conforme"
"img_0641","No conforme"
"img_0642","Conforme"
"img_0643","Conforme"
"img_0644","Conforme"
"img_0645","Conforme"
"img_0646","Conforme"
"img_0647","Conforme"
"img_0648","Conforme"
"img_0649","Conforme"
"img_0650","Conforme"
"img_0651","No conforme"
"img_0652","No conforme"
"img_0653","No conforme"
"img_0654","No conforme"
"img_0655","No conforme"
"img_0656","Conforme"
"img_0657","Conforme"
"img_0658","Conforme"
"img_0659","Conforme"
"img_0660","No conforme"
"img_0661","Conforme"
"img_0662","No conforme"
"img_0663","Conforme"
"img_0664","Conforme"
"img_0665","No conforme"
"img_0666","Conforme"
"img_0667","No conforme"
"img_0668","No conforme"
"img_0669","No conforme"
"img_0670","Conforme"
"img_0671","Conforme"
"img_0672","Conforme"
"img_0673","No conforme"
"img_0674","No conforme"
"img_0675","No conforme"
"img_0676","Conforme"
"img_0677","Conforme"
"img_0678","Conforme"
"img_0679","No conforme"
"img_0680","Conforme"
"img_0681","Conforme"
"img_0682","No conforme"
"img_0683","Conforme"
"img_0684","Conforme"
"img_0685","Conforme"
"img_0686","Conforme"
"img_0687","No conforme"
"img_0688","No conforme"
"img_0689","No conforme"
"img_0690","Conforme"
"img_0691","Conforme"
"img_0692","Conforme"
"img_0693","Conforme"
"img_0694","No conforme"
"img_0695","Conforme"
"img_0696","No conforme"
"img_0697","Conforme"
"img_0698","Conforme"
"img_0699","No conforme"
"img_0700","No conforme"
"img_0701","No conforme"
"img_0702","Conforme"
"img_0703","No conforme"
"img_0704","No conforme"
"img_0705","Conforme"
"img_0706","No conforme"
"img_0707","Conforme"
"img_0708","No conforme"
"img_0709","Conforme"
"img_0710","No conforme"
"img_0711","Conforme"
"img_0712","No conforme"
"img_0713","Conforme"
"img_0714","Conforme"
"img_0715","Conforme"
"img_0716","Conforme"
"img_0717","No conforme"
"img_0718","Conforme"
"img_0719","No conforme"
"img_0720","No conforme"
"img_0721","No conforme"
"img_0722","Conforme"
"img_0723","Conforme"
"img_0724","Conforme"
"img_0725","Conforme"
"img_0726","No conforme"
"img_0727","Conforme"
"img_0728","Conforme"
"img_0729","Conforme"
"img_0730","Conforme"
"img_0731","Conforme"
"img_0732","No conforme"
"img_0733","No conforme"
"img_0734","No conforme"
"img_0735","Conforme"
"img_0736","No conforme"
"img_0737","No conforme"
"img_0738","Conforme"
"img_0739","Conforme"
"img_0740","No conforme"
"img_0741","No conforme"
"img_0742","No conforme"
"img_0743","No conforme"
"img_0744","No conforme"
"img_0745","Conforme"
"img_0746","No conforme"
"img_0747","No conforme"
"img_0748","No conforme"
"img_0749","Conforme"
"img_0750","Conforme"
"img_0751","Conforme"
"img_0752","No conforme"
"img_0753","No conforme"
"img_0754","No conforme"
"img_0755","Conforme"
"img_0756","Conforme"
"img_0757","No conforme"
"img_0758","No conforme"
"img_0759","Conforme"
"img_0760","Conforme"
"img_0761","Conforme"
"img_0762","No conforme"
"img_0763","No conforme"
"img_0764","Conforme"
"img_0765","Conforme"
"img_0766","Conforme"
"img_0767","No conforme"
"img_0768","Conforme"
"img_0769","No conforme"
"img_0770","Conforme"
"img_0771","Conforme"
"img_0772","No conforme"
"img_0773","Conforme"
"img_0774","Conforme"
"img_0775","No conforme"
"img_0776","Conforme"
"img_0777","No conforme"
"img_0778","No conforme"
"img_0779","No conforme"
"img_0780","Conforme"
"img_0781","No conforme"
"img_0782","No conforme"
"img_0783","No conforme"
"img_0784","No conforme"
"img_0785","Conforme"
"img_0786","Conforme"
"img_0787","No conforme"
"img_0788","No conforme"
"img_0789","Conforme"
"img_0790","Conforme"
"img_0791","No conforme"
"img_0792","Conforme"
"img_0793","No conforme"
"img_0794","Conforme"
"img_0795","Conforme"
"img_0796","Conforme"
"img_0797","Conforme"
"img_0798","Conforme"
"img_0799","Conforme"
"img_0800","Conforme"
"img_0801","No conforme"
"img_0802","No conforme"
"img_0803","Conforme"
"img_0804","No conforme"
"img_0805","Conforme"
"img_0806","Conforme"
"img_0807","Conforme"
"img_0808","No conforme"
"img_0809","No conforme"
"img_0810","Conforme"
"img_0811","Conforme"
"img_0812","Conforme"
"img_0813","Conforme"
"img_0814","No conforme"
"img_0815","No conforme"
"img_0816","Conforme"
"img_0817","No conforme"
"img_0818","Conforme"
"img_0819","Conforme"
"img_0820","Conforme"
"img_0821","Conforme"
"img_0822","Conforme"
"img_0823","No conforme"
"img_0824","No conforme"
"img_0825","No conforme"
"img_0826","No conforme"
"img_0827","Conforme"
"img_0828","No conforme"
"img_0829","Conforme"
"img_0830","Conforme"
"img_0831","Conforme"
"img_0832","Conforme"
"img_0833","Conforme"
"img_0834","No conforme"
"img_0835","No conforme"
"img_0836","No conforme"
"img_0837","Conforme"
"img_0838","Conforme"
"img_0839","Conforme"
"img_0840","No conforme"
"img_0841","Conforme"
"img_0842","No conforme"
"img_0843","Conforme"
"img_0844","No conforme"
"img_0845","Conforme"
"img_0846","No conforme"
"img_0847","No conforme"
"img_0848","Conforme"
"img_0849","No conforme"
"img_0850","Conforme"
"img_0851","No conforme"
"img_0852","No conforme"
"img_0853","Conforme"
"img_0854","Conforme"
"img_0855","Conforme"
"img_0856","No conforme"
"img_0857","Conforme"
"img_0858","No conforme"
"img_0859","Conforme"
"img_0860","Conforme"
"img_0861","Conforme"
"img_0862","Conforme"
"img_0863","Conforme"
"img_0864","Conforme"
"img_0865","Conforme"
"img_0866","Conforme"
"img_0867","No conforme"
"img_0868","Conforme"
"img_0869","Conforme"
"img_0870","No conforme"
"img_0871","Conforme"
"img_0872","Conforme"
"img_0873","Conforme"
"img_0874","Conforme"
"img_0875","No conforme"
"img_0876","No conforme"
"img_0877","Conforme"
"img_0878","No conforme"
"img_0879","No conforme"
"img_0880","Conforme"
"img_0881","Conforme"
"img_0882","No conforme"
"img_0883","No conforme"
"img_0884","Conforme"
"img_0885","Conforme"
"img_0886","Conforme"
"img_0887","No conforme"
"img_0888","No conforme"
"img_0889","Conforme"
"img_0890","No conforme"
"img_0891","No conforme"
"img_0892","Conforme"
"img_0893","Conforme"
"img_0894","No conforme"
"img_0895","Conforme"
"img_0896","No conforme"
"img_0897","No conforme"
"img_0898","No conforme"
"img_0899","Conforme"
"img_0900","No conforme"
"img_0901","Conforme"
"img_0902","No conforme"
"img_0903","No conforme"
"img_0904","Conforme"
"img_0905","No conforme"
"img_0906","No conforme"
"img_0907","Conforme"
"img_0908","Conforme"
"img_0909","Conforme"
"img_0910","No conforme"
"img_0911","No conforme"
"img_0912","No conforme"
"img_0913","Conforme"
"img_0914","Conforme"
"img_0915","No conforme"
"img_0916","Conforme"
"img_0917","Conforme"
"img_0918","No conforme"
"img_0919","Conforme"
"img_0920","No conforme"
"img_0921","Conforme"
"img_0922","Conforme"
"img_0923","Conforme"
"img_0924","No conforme"
"img_0925","Conforme"
"img_0926","Conforme"
"img_0927","Conforme"
"img_0928","No conforme"
"img_0929","No conforme"
"img_0930","Conforme"
"img_0931","No conforme"
"img_0932","Conforme"
"img_0933","Conforme"
"img_0934","Conforme"
"img_0935","No conforme"
"img_0936","Conforme"
"img_0937","Conforme"
"img_0938","Conforme"
"img_0939","Conforme"
"img_0940","No conforme"
"img_0941","Conforme"
"img_0942","Conforme"
"img_0943","Conforme"
"img_0944","No conforme"
"img_0945","Conforme"
"img_0946","Conforme"
"img_0947","No conforme"
"img_0948","No conforme"
"img_0949","No conforme"
"img_0950","Conforme"
"img_0951","No conforme"
"img_0952","No conforme"
"img_0953","Conforme"
"img_0954","No conforme"
"img_0955","No conforme"
"img_0956","No conforme"
"img_0957","Conforme"
"img_0958","No conforme"
"img_0959","No conforme"
"img_0960","Conforme"
"img_0961","Conforme"
"img_0962","No conforme"
"img_0963","Conforme"
"img_0964","Conforme"
"img_0965","No conforme"
"img_0966","Conforme"
"img_0967","No conforme"
"img_0968","Conforme"
"img_0969","Conforme"
"img_0970","Conforme"
"img_0971","No conforme"
"img_0972","No conforme"
"img_0973","Conforme"
"img_0974","No conforme"
"img_0975","No conforme"
"img_0976","Conforme"
"img_0977","Conforme"
"img_0978","Conforme"
"img_0979","No conforme"
"img_0980","Conforme"
"img_0981","No conforme"
"img_0982","No conforme"
"img_0983","No conforme"
"img_0984","Conforme"
"img_0985","Conforme"
"img_0986","Conforme"
"img_0987","Conforme"
"img_0988","Conforme"
"img_0989","Conforme"
"img_0990","Conforme"
"img_0991","Conforme"
"img_0992","Conforme"
"img_0993","No conforme"
"img_0994","No conforme"
"img_0995","Conforme"
"img_0996","No conforme"
"img_0997","Conforme"
"img_0998","Conforme"
"img_0999","Conforme"
"img_1000","No conforme"
"img_1001","Conforme"
"img_1002","No conforme"
"img_1003","Conforme"
"img_1004","No conforme"
"img_1005","No conforme"
"img_1006","Conforme"
"img_1007","Conforme"
"img_1008","Conforme"
"img_1009","Conforme"
"img_1010","Conforme"
"img_1011","No conforme"
"img_1012","No conforme"
"img_1013","No conforme"
"img_1014","Conforme"
"img_1015","No conforme"
"img_1016","Conforme"
"img_1017","Conforme"
"img_1018","Conforme"
"img_1019","Conforme"
"img_1020","Conforme"
"img_1021","Conforme"
"img_1022","No conforme"
"img_1023","Conforme"
"img_1024","No conforme"
"img_1025","Conforme"
"img_1026","No conforme"
"img_1027","Conforme"
"img_1028","Conforme"
"img_1029","Conforme"
"img_1030","Conforme"
"img_1031","No conforme"
"img_1032","No conforme"
"img_1033","Conforme"
"img_1034","No conforme"
"img_1035","Conforme"
"img_1036","No conforme"
"img_1037","Conforme"
"img_1038","No conforme"
"img_1039","No conforme"
"img_1040","No conforme"
"img_1041","Conforme"
"img_1042","Conforme"
"img_1043","Conforme"
"img_1044","Conforme"
"img_1045","Conforme"
"img_1046","No conforme"
"img_1047","No conforme"
"img_1048","Conforme"
"img_1049","Conforme"
"img_1050","Conforme"
"img_1051","Conforme"
"img_1052","Conforme"
"img_1053","No conforme"
"img_1054","No conforme"
"img_1055","Conforme"
"img_1056","No conforme"
"img_1057","No conforme"
"img_1058","Conforme"
"img_1059","Conforme"
"img_1060","Conforme"
"img_1061","Conforme"
"img_1062","Conforme"
"img_1063","No conforme"
"img_1064","No conforme"
"img_1065","No conforme"
"img_1066","Conforme"
"img_1067","No conforme"
"img_1068","No conforme"
"img_1069","Conforme"
"img_1070","No conforme"
"img_1071","Conforme"
"img_1072","No conforme"
"img_1073","No conforme"
"img_1074","Conforme"
"img_1075","Conforme"
"img_1076","Conforme"
"img_1077","No conforme"
"img_1078","No conforme"
"img_1079","Conforme"
"img_1080","Conforme"
"img_1081","Conforme"
"img_1082","Conforme"
"img_1083","Conforme"
"img_1084","No conforme"
"img_1085","Conforme"
"img_1086","Conforme"
"img_1087","Conforme"
"img_1088","No conforme"
"img_1089","No conforme"
"img_1090","Conforme"
"img_1091","No conforme"
"img_1092","Conforme"
"img_1093","Conforme"
"img_1094","No conforme"
"img_1095","No conforme"
"img_1096","No conforme"
"img_1097","Conforme"
"img_1098","Conforme"
"img_1099","Conforme"
"img_1100","Conforme"
"img_1101","No conforme"
"img_1102","Conforme"
"img_1103","Conforme"
"img_1104","No conforme"
"img_1105","Conforme"
"img_1106","No conforme"
"img_1107","Conforme"
"img_1108","No conforme"
"img_1109","Conforme"
"img_1110","Conforme"
"img_1111","Conforme"
"img_1112","No conforme"
"img_1113","No conforme"
"img_1114","Conforme"
"img_1115","No conforme"
"img_1116","No conforme"
"img_1117","No conforme"
"img_1118","No conforme"
"img_1119","Conforme"
"img_1120","Conforme"
"img_1121","No conforme"
"img_1122","Conforme"
"img_1123","No conforme"
"img_1124","Conforme"
"img_1125","Conforme"
"img_1126","No conforme"
"img_1127","Conforme"
"img_1128","Conforme"
"img_1129","Conforme"
"img_1130","No conforme"
"img_1131","No conforme"
"img_1132","No conforme"
"img_1133","Conforme"
"img_1134","No conforme"
"img_1135","No conforme"
"img_1136","Conforme"
"img_1137","No conforme"
"img_1138","Conforme"
"img_1139","Conforme"
"img_1140","No conforme"
"img_1141","No conforme"
"img_1142","No conforme"
"img_1143","Conforme"
"img_1144","Conforme"
"img_1145","Conforme"
"img_1146","Conforme"
"img_1147","No conforme"
"img_1148","Conforme"
"img_1149","Conforme"
"img_1150","Conforme"
"img_1151","Conforme"
"img_1152","Conforme"
"img_1153","Conforme"
"img_1154","Conforme"
"img_1155","Conforme"
"img_1156","Conforme"
"img_1157","No conforme"
"img_1158","Conforme"
"img_1159","No conforme"
"img_1160","Conforme"
"img_1161","No conforme"
"img_1162","Conforme"
"img_1163","Conforme"
"img_1164","Conforme"
"img_1165","Conforme"
"img_1166","No conforme"
"img_1167","Conforme"
"img_1168","Conforme"
"img_1169","No conforme"
"img_1170","No conforme"
"img_1171","Conforme"
"img_1172","No conforme"
"img_1173","Conforme"
"img_1174","No conforme"
"img_1175","Conforme"
"img_1176","No conforme"
"img_1177","No conforme"
"img_1178","Conforme"
"img_1179","Conforme"
"img_1180","No conforme"
"img_1181","No conforme"
"img_1182","Conforme"
"img_1183","Conforme"
"img_1184","Conforme"
"img_1185","No conforme"
"img_1186","No conforme"
"img_1187","Conforme"
"img_1188","Conforme"
"img_1189","No conforme"
"img_1190","Conforme"
"img_1191","Conforme"
"img_1192","Conforme"
"img_1193","Conforme"
"img_1194","Conforme"
"img_1195","No conforme"
"img_1196","Conforme"
"img_1197","No conforme"
"img_1198","Conforme"
"img_1199","No conforme"
"img_1200","Conforme"
"img_1201","Conforme"
"img_1202","Conforme"
"img_1203","Conforme"
"img_1204","No conforme"
"img_1205","Conforme"
"img_1206","No conforme"
"img_1207","Conforme"
"img_1208","Conforme"
"img_1209","Conforme"
"img_1210","No conforme"
"img_1211","Conforme"
"img_1212","Conforme"
"img_1213","Conforme"
"img_1214","No conforme"
"img_1215","No conforme"
"img_1216","Conforme"
"img_1217","No conforme"
"img_1218","Conforme"
"img_1219","No conforme"
"img_1220","No conforme"
"img_1221","Conforme"
"img_1222","No conforme"
"img_1223","No conforme"
"img_1224","No conforme"
"img_1225","Conforme"
"img_1226","Conforme"
"img_1227","Conforme"
"img_1228","Conforme"
"img_1229","No conforme"
"img_1230","Conforme"
"img_1231","Conforme"
"img_1232","No conforme"
"img_1233","Conforme"
"img_1234","Conforme"
"img_1235","Conforme"
"img_1236","Conforme"
"img_1237","Conforme"
"img_1238","Conforme"
"img_1239","No conforme"
"img_1240","No conforme"
"img_1241","Conforme"
"img_1242","Conforme"
"img_1243","Conforme"
"img_1244","Conforme"
"img_1245","Conforme"
"img_1246","Conforme"
"img_1247","Conforme"
"img_1248","No conforme"
"img_1249","No conforme"
"img_1250","No conforme"
"img_1251","Conforme"
"img_1252","Conforme"
"img_1253","No conforme"
"img_1254","No conforme"
"img_1255","Conforme"
"img_1256","No conforme"
"img_1257","No conforme"
"img_1258","No conforme"
"img_1259","No conforme"
"img_1260","Conforme"
"img_1261","Conforme"
"img_1262","Conforme"
"img_1263","No conforme"
"img_1264","No conforme"
"img_1265","Conforme"
"img_1266","No conforme"
"img_1267","Conforme"
"img_1268","Conforme"
"img_1269","Conforme"
"img_1270","No conforme"
"img_1271","Conforme"
"img_1272","No conforme"
"img_1273","Conforme"
"img_1274","Conforme"
"img_1275","Conforme"
"img_1276","No conforme"
"img_1277","Conforme"
"img_1278","Conforme"
"img_1279","Conforme"
"img_1280","No conforme"
"img_1281","Conforme"
"img_1282","No conforme"
"img_1283","No conforme"
"img_1284","No conforme"
"img_1285","Conforme"
"img_1286","Conforme"
"img_1287","Conforme"
"img_1288","Conforme"
"img_1289","Conforme"
"img_1290","Conforme"
"img_1291","No conforme"
"img_1292","No conforme"
"img_1293","No conforme"
"img_1294","Conforme"
"img_1295","No conforme"
"img_1296","No conforme"
"img_1297","No conforme"
"img_1298","No conforme"
"img_1299","No conforme"
"img_1300","No conforme"
"img_1301","No conforme"
"img_1302","No conforme"
"img_1303","Conforme"
"img_1304","Conforme"
"img_1305","Conforme"
"img_1306","Conforme"
"img_1307","No conforme"
"img_1308","Conforme"
"img_1309","No conforme"
"img_1310","Conforme"
"img_1311","Conforme"
"img_1312","Conforme"
"img_1313","Conforme"
"img_1314","Conforme"
"img_1315","Conforme"
"img_1316","Conforme"
"img_1317","Conforme"
"img_1318","No conforme"
"img_1319","Conforme"
"img_1320","No conforme"
"img_1321","Conforme"
"img_1322","No conforme"
"img_1323","No conforme"
"img_1324","Conforme"
"img_1325","No conforme"
"img_1326","Conforme"
"img_1327","Conforme"
"img_1328","No conforme"
"img_1329","Conforme"
"img_1330","Conforme"
"img_1331","No conforme"
"img_1332","Conforme"
"img_1333","No conforme"
"img_1334","No conforme"
"img_1335","No conforme"
"img_1336","Conforme"
"img_1337","No conforme"
"img_1338","Conforme"
"img_1339","Conforme"
"img_1340","Conforme"
